IP Address,Hostname,Detections Count,Detected By,Country,Continent,Region,City,Latitude,Longitude,ISP,Is Proxy,Is Web Proxy,Is VPN,Is Hosting,Is Hosting,Is Tore
122.228.7.228,0,0,,CN (China),AS (Asia),Zhejiang,27.999420166015625,27.999420166015625,120.66681671142578,ChinaNet Zhejiang Province Network,False,False,False,False,False
122.248.56.1,0,0,,CN (China),AS (Asia),Beijing,39.907501220703125,39.907501220703125,116.39723205566406,Beijing Baidu Netcom Science and Technology Co. Ltd.,False,False,False,False,False
122.9.11.60,0,0,,CN (China),AS (Asia),Guangdong,23.127361297607422,23.127361297607422,113.26425170898438,Huawei Public Cloud Service,False,False,False,True,False
122.9.12.137,0,0,,CN (China),AS (Asia),Guangdong,23.127361297607422,23.127361297607422,113.26425170898438,Huawei Public Cloud Service,False,False,False,True,False
122.9.15.248,0,0,,CN (China),AS (Asia),Guangdong,23.127361297607422,23.127361297607422,113.26425170898438,Huawei Public Cloud Service,False,False,False,True,False
122.9.9.237,0,0,,CN (China),AS (Asia),Guangdong,23.127361297607422,23.127361297607422,113.26425170898438,Huawei Public Cloud Service,False,False,False,True,False
123.126.43.245,0,0,,CN (China),AS (Asia),Beijing,39.907501220703125,39.907501220703125,116.39723205566406,China Unicom Beijing Province Network,False,False,False,True,False
123.126.45.17,0,0,,CN (China),AS (Asia),Beijing,39.907501220703125,39.907501220703125,116.39723205566406,China Unicom Beijing Province Network,False,False,False,True,False
123.182.50.230,0,0,,CN (China),AS (Asia),Hebei,40.810001373291016,40.810001373291016,114.87944030761719,ChinaNet Hebei Province Network,False,False,False,False,False
123.183.235.37,1,1,PlonkatronixBL,CN (China),AS (Asia),Hebei,38.04138946533203,38.04138946533203,114.47860717773438,ChinaNet Hebei Province Network,False,False,False,False,False
123.183.235.37,1,1,PlonkatronixBL,CN (China),AS (Asia),Hebei,38.04138946533203,38.04138946533203,114.47860717773438,ChinaNet Hebei Province Network,False,False,False,False,False
